{"stat.chestOpened":1,"stat.flyOneCm":36728,"stat.deaths":2,"stat.walkOneCm":17188,"stat.pickup.minecraft.wheat_seeds":1,"stat.jump":150,"stat.swimOneCm":782,"stat.pickup.minecraft.egg":1,"stat.entityKilledBy.Spider":1,"stat.playOneMinute":13022,"stat.fallOneCm":4561,"stat.useItem.minecraft.egg":1,"stat.leaveGame":2,"stat.mineBlock.minecraft.log2":1,"stat.damageTaken":490,"stat.damageDealt":207,"stat.timeSinceDeath":901,"stat.sprintOneCm":18049,"stat.useItem.minecraft.stone_slab2":1,"stat.pickup.minecraft.log2":1,"stat.mineBlock.minecraft.tallgrass":17,"stat.diveOneCm":3407}